
-- phpMyAdmin SQL Dump
-- version 3.5.2.2
-- http://www.phpmyadmin.net
--
-- Servidor: localhost
-- Tempo de Geração: 10/04/2017 às 21:17:43
-- Versão do Servidor: 10.0.28-MariaDB
-- Versão do PHP: 5.2.17

SET SQL_MODE="NO_AUTO_VALUE_ON_ZERO";
SET time_zone = "+00:00";


/*!40101 SET @OLD_CHARACTER_SET_CLIENT=@@CHARACTER_SET_CLIENT */;
/*!40101 SET @OLD_CHARACTER_SET_RESULTS=@@CHARACTER_SET_RESULTS */;
/*!40101 SET @OLD_COLLATION_CONNECTION=@@COLLATION_CONNECTION */;
/*!40101 SET NAMES utf8 */;

--
-- Banco de Dados: `u449569243_hl`
--

-- --------------------------------------------------------

--
-- Estrutura da tabela `clientes`
--

CREATE TABLE IF NOT EXISTS `clientes` (
  `cdclie` char(14) DEFAULT NULL,
  `declie` varchar(100) DEFAULT NULL,
  `demail` varchar(255) DEFAULT NULL,
  `desite` varchar(500) DEFAULT NULL,
  `decont` varchar(100) DEFAULT NULL,
  `dtcada` date DEFAULT NULL,
  `flativ` char(1) DEFAULT NULL,
  `flpago` char(6) DEFAULT NULL,
  KEY `clientes1` (`cdclie`)
) ENGINE=MyISAM DEFAULT CHARSET=utf8;

--
-- Extraindo dados da tabela `clientes`
--

INSERT INTO `clientes` (`cdclie`, `declie`, `demail`, `desite`, `decont`, `dtcada`, `flativ`, `flpago`) VALUES
('61526678000105', 'Hotel Everdeen Demonstração', 'everdeen@everdeeninformatica.com.br', '', 'Gerente Geral', '2016-05-07', 'S', 'N'),
('02371917000128', 'Everdeen Hotel', 'a@a.com', 'https://www.everdeeninformatica.com.br', 'Eu mesmo', '2016-07-11', 'S', 'N');

-- --------------------------------------------------------

--
-- Estrutura da tabela `consumo`
--

CREATE TABLE IF NOT EXISTS `consumo` (
  `nrsequ` bigint(20) NOT NULL AUTO_INCREMENT,
  `flcons` char(1) DEFAULT NULL,
  `cdclie` char(14) DEFAULT NULL,
  `cdrese` bigint(20) DEFAULT NULL,
  `cdcons` char(3) DEFAULT NULL,
  `dtcons` datetime DEFAULT '0000-00-00 00:00:00',
  `qtcons` int(11) DEFAULT '0',
  `vlcons` decimal(18,2) DEFAULT '0.00',
  `vlprec` decimal(18,2) DEFAULT '0.00',
  `flativ` char(1) DEFAULT 'S',
  PRIMARY KEY (`nrsequ`),
  KEY `iConsumo1` (`cdclie`,`cdrese`,`dtcons`,`cdcons`)
) ENGINE=MyISAM  DEFAULT CHARSET=utf8 AUTO_INCREMENT=29 ;

--
-- Extraindo dados da tabela `consumo`
--

INSERT INTO `consumo` (`nrsequ`, `flcons`, `cdclie`, `cdrese`, `cdcons`, `dtcons`, `qtcons`, `vlcons`, `vlprec`, `flativ`) VALUES
(1, 'S', '61526678000105', 1, '1', '2016-05-07 09:36:25', 6, '479.88', '39.99', 'S'),
(2, 'S', '61526678000105', 2, '1', '2016-05-07 09:36:49', 7, '559.86', '39.99', 'S'),
(3, 'S', '61526678000105', 3, '1', '2016-05-07 09:37:11', 7, '1399.65', '39.99', 'S'),
(4, 'S', '61526678000105', 4, '1', '2016-05-07 09:37:53', 6, '959.76', '39.99', 'S'),
(5, 'P', '61526678000105', 3, '1', '2016-05-07 09:39:44', 2, '1.80', '0.90', 'S'),
(6, 'P', '61526678000105', 3, '3', '2016-05-07 09:39:56', 7, '24.50', '3.50', 'S'),
(7, 'S', '61526678000105', 5, '1', '2016-05-09 11:36:27', 7, '559.86', '39.99', 'S'),
(8, 'S', '61526678000105', 6, '001', '2016-07-03 10:34:12', 7, '615.86', '43.99', 'S'),
(9, 'P', '61526678000105', 6, '1', '2016-07-03 10:37:26', 3, '3.00', '1.00', 'S'),
(10, 'S', '02371917000128', 7, '001', '2016-07-11 16:20:48', 7, '615.86', '43.99', 'S'),
(11, 'S', '02371917000128', 8, '001', '2016-07-11 16:32:53', 1, '43.99', '43.99', 'S'),
(12, 'P', '02371917000128', 7, '1', '2016-07-11 16:34:41', 2, '2.00', '1.00', 'S'),
(13, 'P', '02371917000128', 7, '5', '2016-07-11 16:34:55', 6, '27.00', '4.50', 'S'),
(14, 'S', '61526678000105', 6, '001', '2017-04-04 16:11:09', 1, '43.99', '43.99', 'S'),
(15, 'S', '61526678000105', 9, '001', '2017-04-04 16:16:25', 2, '351.92', '43.99', 'S'),
(16, 'S', '61526678000105', 10, '001', '2017-04-04 16:21:10', 3, '263.94', '43.99', 'S'),
(17, 'S', '61526678000105', 11, '001', '2017-04-04 16:24:14', 2, '175.96', '43.99', 'S'),
(18, 'S', '61526678000105', 12, '001', '2017-04-04 18:51:09', 2, '175.96', '43.99', 'S'),
(19, 'S', '61526678000105', 13, '001', '2017-04-04 18:58:49', 5, '439.90', '43.99', 'S'),
(20, 'S', '61526678000105', 14, '001', '2017-04-04 18:59:53', 2, '175.96', '43.99', 'S'),
(21, 'S', '61526678000105', 15, '001', '2017-04-04 19:02:02', 1, '43.99', '43.99', 'S'),
(22, 'S', '61526678000105', 16, '001', '2017-04-04 19:10:45', 1, '43.99', '43.99', 'S'),
(23, 'S', '61526678000105', 17, '001', '2017-04-04 19:13:39', 5, '219.95', '43.99', 'S'),
(24, 'S', '61526678000105', 18, '001', '2017-04-04 19:15:52', 3, '131.97', '43.99', 'S'),
(25, 'S', '61526678000105', 19, '001', '2017-04-04 19:17:41', 5, '219.95', '43.99', 'S'),
(26, 'S', '61526678000105', 20, '001', '2017-04-04 19:19:35', 6, '263.94', '43.99', 'S'),
(27, 'S', '61526678000105', 21, '001', '2017-04-04 19:21:23', 6, '263.94', '43.99', 'S'),
(28, 'S', '61526678000105', 22, '001', '2017-04-04 20:35:59', 6, '263.94', '43.99', 'S');

-- --------------------------------------------------------

--
-- Estrutura da tabela `enderecos`
--

CREATE TABLE IF NOT EXISTS `enderecos` (
  `cdende` char(14) DEFAULT NULL,
  `deende` varchar(100) DEFAULT NULL,
  `nrende` varchar(6) DEFAULT NULL,
  `decomp` varchar(50) DEFAULT NULL,
  `debair` varchar(50) DEFAULT NULL,
  `decida` varchar(50) NOT NULL,
  `cdesta` char(2) DEFAULT NULL,
  `nrcep` char(8) DEFAULT NULL,
  `flativ` char(1) DEFAULT NULL,
  KEY `enderecos1` (`cdende`)
) ENGINE=MyISAM DEFAULT CHARSET=utf8;

--
-- Extraindo dados da tabela `enderecos`
--

INSERT INTO `enderecos` (`cdende`, `deende`, `nrende`, `decomp`, `debair`, `decida`, `cdesta`, `nrcep`, `flativ`) VALUES
('61526678000105', 'Rua Exemplo', '123', 'Condominio Exemplo', 'Bairro Exemplo', 'Cidade Exemplo', 'BA', '12345678', 'A'),
('02837297160', '02837297160', '028372', '02837297160', '02837297160', '02837297160', 'AM', '02837297', 'A'),
('18112339961', '18112339961', '181123', '18112339961', '18112339961', '18112339961', 'SP', '18112339', 'A'),
('16706542903', '16706542903', '167065', '16706542903', '16706542903', '16706542903', 'AM', '16706542', 'A'),
('54061980335', '', '', '', '', '', '', '', 'A'),
('02371917000128', 'Rua Logradouro', '123', 'Bloco Complemento Quadra C', 'Bairro Palmeiras', 'Suzano', 'SP', '08614241', 'A'),
('11560853816', 'Logradouro', '1', 'Complemento', 'Bairro', 'Cidade', 'SP', '91817176', 'A'),
('01058482807', '111111111111111', '111', '111111111111111111111111111111', '111111111111111111111111111111111111', '1111111', 'SP', '11111111', 'A');

-- --------------------------------------------------------

--
-- Estrutura da tabela `funcionarios`
--

CREATE TABLE IF NOT EXISTS `funcionarios` (
  `cdclie` varchar(14) DEFAULT NULL,
  `cdfunc` char(3) DEFAULT NULL,
  `defunc` varchar(100) DEFAULT NULL,
  `nrtele` varchar(20) NOT NULL,
  `nrregi` varchar(10) DEFAULT NULL,
  `dtnasc` date DEFAULT NULL,
  `dtadmi` date DEFAULT NULL,
  `dtdemi` date DEFAULT NULL,
  `deobse` varchar(500) DEFAULT NULL,
  `dtcada` date DEFAULT NULL,
  KEY `iFunc1` (`cdclie`,`cdfunc`)
) ENGINE=MyISAM DEFAULT CHARSET=utf8;

--
-- Extraindo dados da tabela `funcionarios`
--

INSERT INTO `funcionarios` (`cdclie`, `cdfunc`, `defunc`, `nrtele`, `nrregi`, `dtnasc`, `dtadmi`, `dtdemi`, `deobse`, `dtcada`) VALUES
('61526678000105', '1', 'Gerente Geral', '12 3456-7890', '123456', '1970-01-01', '2016-05-01', '0000-00-00', 'Administrador', '2016-05-07');

-- --------------------------------------------------------

--
-- Estrutura da tabela `hospedes`
--

CREATE TABLE IF NOT EXISTS `hospedes` (
  `cdclie` varchar(14) NOT NULL DEFAULT '',
  `cdhosp` varchar(14) NOT NULL DEFAULT '',
  `dehosp` varchar(100) DEFAULT NULL,
  `demail` varchar(255) DEFAULT NULL,
  `defoto` varchar(500) DEFAULT NULL,
  `dtulti` date DEFAULT NULL,
  `vlulti` decimal(18,2) DEFAULT NULL,
  `dtcada` date DEFAULT NULL,
  `flativ` char(1) DEFAULT NULL,
  PRIMARY KEY (`cdclie`,`cdhosp`)
) ENGINE=MyISAM DEFAULT CHARSET=utf8;

--
-- Extraindo dados da tabela `hospedes`
--

INSERT INTO `hospedes` (`cdclie`, `cdhosp`, `dehosp`, `demail`, `defoto`, `dtulti`, `vlulti`, `dtcada`, `flativ`) VALUES
('02371917000128', '11560853816', 'Ailton Silva', 'a@b.com', 'img/11560853816Koala.jpg', '2016-07-11', '744.86', '2016-07-11', 'S'),
('61526678000105', '16706542903', '16706542903', '16706542903@a.com', 'img/semfoto.jpg', '2017-04-04', '275.96', '2016-05-07', 'S'),
('61526678000105', '18112339961', '18112339961', '18112339961@a.com', 'img/semfoto.jpg', '2017-04-04', '762.85', '2016-05-07', 'S');

-- --------------------------------------------------------

--
-- Estrutura da tabela `iplog`
--

CREATE TABLE IF NOT EXISTS `iplog` (
  `dtiplo` datetime DEFAULT NULL,
  `cdusua` char(14) DEFAULT NULL,
  `cdprod` varchar(40) DEFAULT NULL,
  `deacao` varchar(15) DEFAULT NULL,
  `ip` varchar(15) DEFAULT NULL,
  `cdclie` varchar(14) NOT NULL,
  KEY `iplog1` (`dtiplo`,`ip`),
  KEY `iplog2` (`dtiplo`,`ip`),
  KEY `iplog3` (`ip`,`cdusua`,`dtiplo`)
) ENGINE=MyISAM DEFAULT CHARSET=utf8;

--
-- Extraindo dados da tabela `iplog`
--

INSERT INTO `iplog` (`dtiplo`, `cdusua`, `cdprod`, `deacao`, `ip`, `cdclie`) VALUES
('2016-05-07 08:52:22', '61526678000105', 'Tela de Login', 'Acessar', '::1', '00000000000000'),
('2016-05-07 09:05:45', '61526678000105', 'Tela de Login', 'Acessar', '::1', '61526678000105'),
('2016-05-07 09:27:54', '02837297160', 'Cadastro de Usuários:02837297160', 'Inclusão', '::1', '61526678000105'),
('2016-05-07 09:28:10', '61526678000105', 'Cadastro de Usuários:02837297160', 'Alteração', '::1', '61526678000105'),
('2016-05-07 09:29:31', '61526678000105', 'Cadastro de Funcionários:1', 'Inclusão', '::1', '61526678000105'),
('2016-05-07 09:30:10', '61526678000105', 'Cadastro de Produtos:1:61526678000105', 'Inclusão', '::1', '61526678000105'),
('2016-05-07 09:30:32', '61526678000105', 'Cadastro de Produtos:2:61526678000105', 'Inclusão', '::1', '61526678000105'),
('2016-05-07 09:30:50', '61526678000105', 'Cadastro de Produtos:3:61526678000105', 'Inclusão', '::1', '61526678000105'),
('2016-05-07 09:31:21', '61526678000105', 'Cadastro de Serviços:001:61526678000105', 'Alteração', '::1', '61526678000105'),
('2016-05-07 09:31:49', '61526678000105', 'Cadastro de Serviços:002:61526678000105', 'Inclusão', '::1', '61526678000105'),
('2016-05-07 09:32:21', '61526678000105', 'Cadastro de Locais:001:61526678000105', 'Inclusão', '::1', '61526678000105'),
('2016-05-07 09:32:49', '61526678000105', 'Cadastro de Locais:002:61526678000105', 'Inclusão', '::1', '61526678000105'),
('2016-05-07 09:33:12', '61526678000105', 'Cadastro de Locais:003:61526678000105', 'Inclusão', '::1', '61526678000105'),
('2016-05-07 09:33:34', '61526678000105', 'Cadastro de Locais:004:61526678000105', 'Inclusão', '::1', '61526678000105'),
('2016-05-07 09:33:54', '61526678000105', 'Cadastro de Locais:005:61526678000105', 'Inclusão', '::1', '61526678000105'),
('2016-05-07 09:35:04', '61526678000105', 'Cadastro de Hóspedes:61526678000105', 'Inclusão', '::1', '61526678000105'),
('2016-05-07 09:35:45', '61526678000105', 'Cadastro de Hóspedes:61526678000105', 'Inclusão', '::1', '61526678000105'),
('2016-05-07 09:36:25', '61526678000105', 'Cadastro de Reservas:1:61526678000105', 'Inclusão', '::1', '61526678000105'),
('2016-05-07 09:36:49', '61526678000105', 'Cadastro de Reservas:2:61526678000105', 'Inclusão', '::1', '61526678000105'),
('2016-05-07 09:37:11', '61526678000105', 'Cadastro de Reservas:3:61526678000105', 'Inclusão', '::1', '61526678000105'),
('2016-05-07 09:37:53', '61526678000105', 'Cadastro de Reservas:4:61526678000105', 'Inclusão', '::1', '61526678000105'),
('2016-05-07 09:38:41', '61526678000105', 'Cadastro de Reservas:1:61526678000105', 'Alteração', '::1', '61526678000105'),
('2016-05-07 09:39:15', '61526678000105', 'Cadastro de Reservas:3:61526678000105', 'Alteração', '::1', '61526678000105'),
('2016-05-07 09:39:44', '61526678000105', 'Registro do Consumo:3:61526678000105', 'Inclusão', '::1', '61526678000105'),
('2016-05-07 09:39:56', '61526678000105', 'Registro do Consumo:3:61526678000105', 'Inclusão', '::1', '61526678000105'),
('2016-05-07 09:41:47', '61526678000105', 'Cadastro de Hóspedes:16706542903', 'Alteração', '::1', '61526678000105'),
('2016-05-07 09:41:56', '61526678000105', 'Cadastro de Hóspedes:18112339961', 'Alteração', '::1', '61526678000105'),
('2016-05-07 09:44:09', '02837297160', 'Tela de Login', 'Acessar', '::1', '61526678000105'),
('2016-05-07 09:44:32', '61526678000105', 'Tela de Login', 'Acessar', '::1', '61526678000105'),
('2016-05-07 09:45:27', '54061980335', 'Cadastro de Usuários:54061980335', 'Inclusão', '::1', '61526678000105'),
('2016-05-07 09:45:44', '54061980335', 'Tela de Login', 'Acessar', '::1', '61526678000105'),
('2016-05-07 09:46:44', '61526678000105', 'Tela de Login', 'Acessar', '::1', '61526678000105'),
('2016-05-09 11:07:12', '61526678000105', 'Tela de Login', 'Acessar', '::1', '00000000000000'),
('2016-05-09 11:36:27', '61526678000105', 'Cadastro de Reservas:5:61526678000105', 'Inclusão', '::1', '61526678000105'),
('2016-05-09 18:19:21', '61526678000105', 'Tela de Login', 'Acessar', '::1', '61526678000105'),
('2016-05-09 18:31:51', '61526678000105', 'Tela de Login', 'Acessar', '::1', '61526678000105'),
('2016-05-09 18:32:19', '61526678000105', 'Tela de Login', 'Acessar', '::1', '61526678000105'),
('2016-05-09 19:00:28', '61526678000105', 'Cadastro de Locais:61526678000105', 'Inclusão Auto', '::1', '61526678000105'),
('2016-05-09 19:01:24', '61526678000105', 'Cadastro de Locais:61526678000105', 'Inclusão Auto', '::1', '61526678000105'),
('2016-05-09 19:02:41', '61526678000105', 'Cadastro de Locais:61526678000105', 'Inclusão Auto', '::1', '61526678000105'),
('2016-05-09 19:03:49', '61526678000105', 'Tela de Login', 'Acessar', '::1', '61526678000105'),
('2016-05-09 19:14:44', '61526678000105', 'Cadastro de Locais:61526678000105', 'Inclusão Auto', '::1', '61526678000105'),
('2016-07-03 10:32:37', '61526678000105', 'Tela de Login', 'Acessar', '::1', '00000000000000'),
('2016-07-03 10:34:12', '61526678000105', 'Cadastro de Reservas:6:61526678000105', 'Inclusão', '::1', '61526678000105'),
('2016-07-03 10:36:13', '61526678000105', 'Cadastro de Reservas:6:61526678000105', 'Alteração', '::1', '61526678000105'),
('2016-07-03 10:37:26', '61526678000105', 'Registro do Consumo:6:61526678000105', 'Inclusão', '::1', '61526678000105'),
('2016-07-11 16:05:40', '02371917000128', 'Tela de Login', 'Acessar', '::1', '00000000000000'),
('2016-07-11 16:14:08', '02371917000128', 'Cadastro de Locais:02371917000128', 'Inclusão Auto', '::1', '02371917000128'),
('2016-07-11 16:15:55', '02371917000128', 'Cadastro de Hóspedes:02371917000128', 'Inclusão', '::1', '02371917000128'),
('2016-07-11 16:16:30', '02371917000128', 'Cadastro de Hóspedes:11560853816', 'Alteração', '::1', '02371917000128'),
('2016-07-11 16:19:44', '01058482807', 'Cadastro de Usuários:01058482807', 'Inclusão', '::1', '02371917000128'),
('2016-07-11 16:20:47', '02371917000128', 'Cadastro de Reservas:7:02371917000128', 'Inclusão', '::1', '02371917000128'),
('2016-07-11 16:32:53', '02371917000128', 'Cadastro de Reservas:8:02371917000128', 'Inclusão', '::1', '02371917000128'),
('2016-07-11 16:33:54', '02371917000128', 'Cadastro de Reservas:7:02371917000128', 'Alteração', '::1', '02371917000128'),
('2016-07-11 16:34:11', '02371917000128', 'Cadastro de Reservas:8:02371917000128', 'Alteração', '::1', '02371917000128'),
('2016-07-11 16:34:41', '02371917000128', 'Registro do Consumo:7:02371917000128', 'Inclusão', '::1', '02371917000128'),
('2016-07-11 16:34:55', '02371917000128', 'Registro do Consumo:7:02371917000128', 'Inclusão', '::1', '02371917000128'),
('2016-07-11 16:35:36', '02371917000128', 'Cadastro de Reservas:7:02371917000128', 'Alteração', '::1', '02371917000128'),
('2016-07-11 16:36:25', '02371917000128', 'Liberar Quarto:7:02371917000128', 'Alteração', '::1', '02371917000128'),
('2016-09-29 13:44:24', '02837297160', 'Tela de Login', 'Acessar', '::1', '00000000000000'),
('2016-09-29 13:45:33', '61526678000105', 'Tela de Login', 'Acessar', '::1', '61526678000105'),
('2016-11-30 07:20:16', '61526678000105', 'Tela de Login', 'Acessar', '::1', '00000000000000'),
('2016-11-30 18:00:06', '61526678000105', 'Tela de Login', 'Acessar', '::1', '61526678000105'),
('2017-01-09 14:42:39', '61526678000105', 'Tela de Login', 'Acessar', '191.180.189.161', '00000000000000'),
('2017-01-09 14:44:23', '61526678000105', 'Tela de Login', 'Acessar', '191.180.189.161', '61526678000105'),
('2017-01-14 08:06:54', '61526678000105', 'Tela de Login', 'Acessar', '186.206.161.203', '00000000000000'),
('2017-02-11 10:17:49', '01058482807', 'Tela de Login', 'Acessar', '189.70.167.189', '00000000000000'),
('2017-02-11 10:22:16', '02371917000128', 'Tela de Login', 'Acessar', '189.70.167.189', '02371917000128'),
('2017-04-04 15:07:18', '61526678000105', 'Tela de Login', 'Acessar', '189.121.114.17', '00000000000000'),
('2017-04-04 15:11:43', '61526678000105', 'Tela de Login', 'Acessar', '189.121.114.17', '61526678000105'),
('2017-04-04 16:07:23', '61526678000105', 'Tela de Login', 'Acessar', '191.214.36.104', '00000000000000'),
('2017-04-04 16:11:09', '61526678000105', 'Registro do Consumo:6:61526678000105', 'Inclusão', '191.214.36.104', '61526678000105'),
('2017-04-04 16:16:25', '61526678000105', 'Cadastro de Reservas:9:61526678000105', 'Inclusão', '191.214.36.104', '61526678000105'),
('2017-04-04 16:19:29', '61526678000105', 'Cadastro de Reservas:9:61526678000105', 'Alteração', '191.214.36.104', '61526678000105'),
('2017-04-04 16:21:10', '61526678000105', 'Cadastro de Reservas:10:61526678000105', 'Inclusão', '191.214.36.104', '61526678000105'),
('2017-04-04 16:21:59', '61526678000105', 'Cadastro de Reservas:10:61526678000105', 'Alteração', '191.214.36.104', '61526678000105'),
('2017-04-04 16:23:09', '61526678000105', 'Cadastro de Reservas:10:61526678000105', 'Alteração', '191.214.36.104', '61526678000105'),
('2017-04-04 16:24:14', '61526678000105', 'Cadastro de Reservas:11:61526678000105', 'Inclusão', '191.214.36.104', '61526678000105'),
('2017-04-04 16:27:48', '61526678000105', 'Cadastro de Reservas:6:61526678000105', 'Alteração', '191.214.36.104', '61526678000105'),
('2017-04-04 16:30:18', '61526678000105', 'Cadastro de Reservas:11:61526678000105', 'Alteração', '191.214.36.104', '61526678000105'),
('2017-04-04 16:56:57', '61526678000105', 'Cadastro de Reservas:10:61526678000105', 'Alteração', '191.214.36.104', '61526678000105'),
('2017-04-04 16:57:11', '61526678000105', 'Cadastro de Reservas:11:61526678000105', 'Alteração', '191.214.36.104', '61526678000105'),
('2017-04-04 17:13:40', '61526678000105', 'Tela de Login', 'Acessar', '189.121.114.17', '61526678000105'),
('2017-04-04 17:25:39', '61526678000105', 'Cadastro de Reservas:5:61526678000105', 'Alteração', '189.121.114.17', '61526678000105'),
('2017-04-04 17:26:17', '61526678000105', 'Cadastro de Reservas:5:61526678000105', 'Alteração', '189.121.114.17', '61526678000105'),
('2017-04-04 17:27:40', '61526678000105', 'Cadastro de Reservas:5:61526678000105', 'Alteração', '189.121.114.17', '61526678000105'),
('2017-04-04 17:41:26', '61526678000105', 'Cadastro de Reservas:5:61526678000105', 'Alteração', '189.121.114.17', '61526678000105'),
('2017-04-04 18:45:22', '61526678000105', 'Cadastro de Reservas:11:61526678000105', 'Alteração', '191.214.36.104', '61526678000105'),
('2017-04-04 18:46:27', '61526678000105', 'Liberar Quarto:11:61526678000105', 'Alteração', '191.214.36.104', '61526678000105'),
('2017-04-04 18:51:09', '61526678000105', 'Cadastro de Reservas:12:61526678000105', 'Inclusão', '191.214.36.104', '61526678000105'),
('2017-04-04 18:52:06', '61526678000105', 'Cadastro de Reservas:12:61526678000105', 'Alteração', '191.214.36.104', '61526678000105'),
('2017-04-04 18:52:35', '61526678000105', 'Cadastro de Reservas:12:61526678000105', 'Alteração', '191.214.36.104', '61526678000105'),
('2017-04-04 18:53:39', '61526678000105', 'Cadastro de Reservas:12:61526678000105', 'Alteração', '191.214.36.104', '61526678000105'),
('2017-04-04 18:54:55', '61526678000105', 'Cadastro de Reservas:12:61526678000105', 'Alteração', '191.214.36.104', '61526678000105'),
('2017-04-04 18:56:11', '61526678000105', 'Cadastro de Reservas:12:61526678000105', 'Alteração', '191.214.36.104', '61526678000105'),
('2017-04-04 18:58:49', '61526678000105', 'Cadastro de Reservas:13:61526678000105', 'Inclusão', '191.214.36.104', '61526678000105'),
('2017-04-04 18:59:53', '61526678000105', 'Cadastro de Reservas:14:61526678000105', 'Inclusão', '191.214.36.104', '61526678000105'),
('2017-04-04 19:02:02', '61526678000105', 'Cadastro de Reservas:15:61526678000105', 'Inclusão', '191.214.36.104', '61526678000105'),
('2017-04-04 19:05:20', '61526678000105', 'Cadastro de Reservas:15:61526678000105', 'Alteração', '191.214.36.104', '61526678000105'),
('2017-04-04 19:09:49', '61526678000105', 'Cadastro de Reservas:11:61526678000105', 'Alteração', '191.214.36.104', '61526678000105'),
('2017-04-04 19:10:45', '61526678000105', 'Cadastro de Reservas:16:61526678000105', 'Inclusão', '191.214.36.104', '61526678000105'),
('2017-04-04 19:11:36', '61526678000105', 'Cadastro de Reservas:16:61526678000105', 'Alteração', '191.214.36.104', '61526678000105'),
('2017-04-04 19:13:39', '61526678000105', 'Cadastro de Reservas:17:61526678000105', 'Inclusão', '191.214.36.104', '61526678000105'),
('2017-04-04 19:14:45', '61526678000105', 'Cadastro de Reservas:17:61526678000105', 'Alteração', '191.214.36.104', '61526678000105'),
('2017-04-04 19:15:52', '61526678000105', 'Cadastro de Reservas:18:61526678000105', 'Inclusão', '191.214.36.104', '61526678000105'),
('2017-04-04 19:17:09', '61526678000105', 'Cadastro de Reservas:17:61526678000105', 'Exclusão', '191.214.36.104', '61526678000105'),
('2017-04-04 19:17:41', '61526678000105', 'Cadastro de Reservas:19:61526678000105', 'Inclusão', '191.214.36.104', '61526678000105'),
('2017-04-04 19:19:35', '61526678000105', 'Cadastro de Reservas:20:61526678000105', 'Inclusão', '191.214.36.104', '61526678000105'),
('2017-04-04 19:20:40', '61526678000105', 'Cadastro de Reservas:19:61526678000105', 'Alteração', '191.214.36.104', '61526678000105'),
('2017-04-04 19:21:23', '61526678000105', 'Cadastro de Reservas:21:61526678000105', 'Inclusão', '191.214.36.104', '61526678000105'),
('2017-04-04 19:22:17', '61526678000105', 'Cadastro de Reservas:21:61526678000105', 'Exclusão', '191.214.36.104', '61526678000105'),
('2017-04-04 20:35:59', '61526678000105', 'Cadastro de Reservas:22:61526678000105', 'Inclusão', '191.214.36.104', '61526678000105'),
('2017-04-07 13:00:35', '61526678000105', 'Tela de Login', 'Acessar', '201.6.142.83', '00000000000000'),
('2017-04-07 13:02:18', '61526678000105', 'Cadastro de Produtos:1:61526678000105', 'Alteração', '201.6.142.83', '61526678000105'),
('2017-04-08 09:35:08', '61526678000105', 'Tela de Login', 'Acessar', '189.115.128.161', '00000000000000'),
('2017-04-08 12:18:05', '61526678000105', 'Tela de Login', 'Acessar', '187.41.101.211', '00000000000000');

-- --------------------------------------------------------

--
-- Estrutura da tabela `locais`
--

CREATE TABLE IF NOT EXISTS `locais` (
  `cdclie` varchar(14) NOT NULL,
  `cdloca` char(3) DEFAULT NULL,
  `deloca` varchar(50) DEFAULT NULL,
  `nranda` char(2) DEFAULT NULL,
  `nrrama` char(20) DEFAULT NULL,
  `qthosp` char(2) DEFAULT NULL,
  `cdtipo` char(1) NOT NULL,
  `deobse` varchar(100) DEFAULT NULL,
  `fllibe` char(1) NOT NULL DEFAULT 'N',
  KEY `ilocal1` (`cdloca`)
) ENGINE=MyISAM DEFAULT CHARSET=utf8;

--
-- Extraindo dados da tabela `locais`
--

INSERT INTO `locais` (`cdclie`, `cdloca`, `deloca`, `nranda`, `nrrama`, `qthosp`, `cdtipo`, `deobse`, `fllibe`) VALUES
('61526678000105', '001', 'Suite', '01', '12345', '02', 'C', '', 'N'),
('61526678000105', '002', 'Suite TOP', '99', '9999', '05', 'C', 'TOP', 'N'),
('61526678000105', '003', 'Suite Master', '88', '8888', '04', 'C', 'Master', 'N'),
('61526678000105', '004', 'Suite Presidente', '77', '7777', '10', 'C', 'Presidente', 'N'),
('61526678000105', '005', 'Suite', '02', '2222', '02', 'C', '', 'N'),
('61526678000105', '006', 'Acomodação 006', '1', '9', '2', 'C', 'Acomodação Padrão', 'N'),
('61526678000105', '007', 'Acomodação 007', '1', '9', '2', 'C', 'Acomodação Padrão', 'N'),
('61526678000105', '008', 'Acomodação 008', '1', '9', '2', 'C', 'Acomodação Padrão', 'S'),
('61526678000105', '009', 'Acomodação 009', '1', '9', '2', 'C', 'Acomodação Padrão', 'S'),
('61526678000105', '010', 'Acomodação 010', '1', '9', '2', 'C', 'Acomodação Padrão', 'S'),
('61526678000105', '011', 'Acomodação 011', '1', '9', '2', 'C', 'Acomodação Padrão', 'S'),
('61526678000105', '012', 'Acomodação 012', '1', '9', '2', 'C', 'Acomodação Padrão', 'S'),
('61526678000105', '013', 'Acomodação 013', '1', '9', '2', 'C', 'Acomodação Padrão', 'S'),
('61526678000105', '014', 'Acomodação 014', '1', '9', '2', 'C', 'Acomodação Padrão', 'S'),
('61526678000105', '015', 'Acomodação 015', '1', '9', '2', 'C', 'Acomodação Padrão', 'S'),
('61526678000105', '016', 'Acomodação 016', '1', '9', '2', 'C', 'Acomodação Padrão', 'S'),
('61526678000105', '017', 'Acomodação 017', '1', '9', '2', 'C', 'Acomodação Padrão', 'S'),
('61526678000105', '018', 'Acomodação 018', '1', '9', '2', 'C', 'Acomodação Padrão', 'S'),
('61526678000105', '019', 'Acomodação 019', '1', '9', '2', 'C', 'Acomodação Padrão', 'S'),
('61526678000105', '020', 'Acomodação 020', '1', '9', '2', 'C', 'Acomodação Padrão', 'S'),
('61526678000105', '021', 'Acomodação 021', '1', '9', '2', 'C', 'Acomodação Padrão', 'S'),
('61526678000105', '022', 'Acomodação 022', '1', '9', '2', 'C', 'Acomodação Padrão', 'S'),
('61526678000105', '023', 'Acomodação 023', '1', '9', '2', 'C', 'Acomodação Padrão', 'S'),
('61526678000105', '024', 'Acomodação 024', '1', '9', '2', 'C', 'Acomodação Padrão', 'S'),
('61526678000105', '025', 'Acomodação 025', '1', '9', '2', 'C', 'Acomodação Padrão', 'S'),
('61526678000105', '026', 'Acomodação 026', '1', '9', '2', 'C', 'Acomodação Padrão', 'S'),
('61526678000105', '027', 'Acomodação 027', '1', '9', '2', 'C', 'Acomodação Padrão', 'S'),
('61526678000105', '028', 'Acomodação 028', '1', '9', '2', 'C', 'Acomodação Padrão', 'S'),
('61526678000105', '029', 'Acomodação 029', '1', '9', '2', 'C', 'Acomodação Padrão', 'S'),
('61526678000105', '030', 'Acomodação 030', '1', '9', '2', 'C', 'Acomodação Padrão', 'S'),
('61526678000105', '031', 'Acomodação', '1', '9', '2', 'C', 'Acomodação Padrão', 'S'),
('61526678000105', '032', 'Acomodação', '1', '9', '2', 'C', 'Acomodação Padrão', 'S'),
('61526678000105', '033', 'Acomodação', '1', '9', '2', 'C', 'Acomodação Padrão', 'S'),
('61526678000105', '034', 'Acomodação', '1', '9', '2', 'C', 'Acomodação Padrão', 'S'),
('61526678000105', '035', 'Acomodação', '1', '9', '2', 'C', 'Acomodação Padrão', 'S'),
('61526678000105', '036', 'Acomodação', '1', '9', '2', 'C', 'Acomodação Padrão', 'S'),
('61526678000105', '037', 'Acomodação', '1', '9', '2', 'C', 'Acomodação Padrão', 'S'),
('61526678000105', '038', 'Acomodação', '1', '9', '2', 'C', 'Acomodação Padrão', 'S'),
('61526678000105', '039', 'Acomodação', '1', '9', '2', 'C', 'Acomodação Padrão', 'S'),
('61526678000105', '040', 'Acomodação', '1', '9', '2', 'C', 'Acomodação Padrão', 'S'),
('02371917000128', '001', 'Acomodação', '1', '9', '2', 'C', 'Acomodação Padrão', 'S'),
('02371917000128', '002', 'Acomodação', '1', '9', '2', 'C', 'Acomodação Padrão', 'S'),
('02371917000128', '003', 'Acomodação', '1', '9', '2', 'C', 'Acomodação Padrão', 'N'),
('02371917000128', '004', 'Acomodação', '1', '9', '2', 'C', 'Acomodação Padrão', 'S'),
('02371917000128', '005', 'Acomodação', '1', '9', '2', 'C', 'Acomodação Padrão', 'S'),
('02371917000128', '006', 'Acomodação', '1', '9', '2', 'C', 'Acomodação Padrão', 'S'),
('02371917000128', '007', 'Acomodação', '1', '9', '2', 'C', 'Acomodação Padrão', 'S'),
('02371917000128', '008', 'Acomodação', '1', '9', '2', 'C', 'Acomodação Padrão', 'S'),
('02371917000128', '009', 'Acomodação', '1', '9', '2', 'C', 'Acomodação Padrão', 'S'),
('02371917000128', '010', 'Acomodação', '1', '9', '2', 'C', 'Acomodação Padrão', 'S'),
('02371917000128', '011', 'Acomodação', '1', '9', '2', 'C', 'Acomodação Padrão', 'S'),
('02371917000128', '012', 'Acomodação', '1', '9', '2', 'C', 'Acomodação Padrão', 'S'),
('02371917000128', '013', 'Acomodação', '1', '9', '2', 'C', 'Acomodação Padrão', 'S'),
('02371917000128', '014', 'Acomodação', '1', '9', '2', 'C', 'Acomodação Padrão', 'S'),
('02371917000128', '015', 'Acomodação', '1', '9', '2', 'C', 'Acomodação Padrão', 'S');

-- --------------------------------------------------------

--
-- Estrutura da tabela `produtos`
--

CREATE TABLE IF NOT EXISTS `produtos` (
  `cdclie` varchar(14) DEFAULT NULL,
  `cdprod` varchar(15) DEFAULT NULL,
  `deprod` varchar(50) DEFAULT NULL,
  `vlprod` decimal(18,2) DEFAULT NULL,
  `qtprod` int(11) DEFAULT NULL,
  `dtcada` date DEFAULT NULL,
  `flativ` char(1) DEFAULT NULL,
  KEY `iProd1` (`cdclie`,`cdprod`)
) ENGINE=MyISAM DEFAULT CHARSET=utf8;

--
-- Extraindo dados da tabela `produtos`
--

INSERT INTO `produtos` (`cdclie`, `cdprod`, `deprod`, `vlprod`, `qtprod`, `dtcada`, `flativ`) VALUES
('61526678000105', '1', 'Água Sem Gás', '1.00', 100, '2016-05-09', 'S'),
('61526678000105', '2', 'Água Com Gás', '1.50', 100, '2016-05-09', 'S'),
('61526678000105', '3', 'Refrigerante', '3.50', 100, '2016-05-09', 'S'),
('61526678000105', '4', 'Sucos', '3.50', 100, '2016-05-09', 'S'),
('61526678000105', '5', 'Cerveja', '4.50', 100, '2016-05-09', 'S'),
('61526678000105', '6', 'Vinho', '18.50', 100, '2016-05-09', 'S'),
('02371917000128', '1', 'Água Sem Gás', '1.00', 100, '2016-07-11', 'S'),
('02371917000128', '2', 'Água Com Gás', '1.50', 100, '2016-07-11', 'S'),
('02371917000128', '3', 'Refrigerante', '3.50', 100, '2016-07-11', 'S'),
('02371917000128', '4', 'Sucos', '3.50', 100, '2016-07-11', 'S'),
('02371917000128', '5', 'Cerveja', '4.50', 100, '2016-07-11', 'S'),
('02371917000128', '6', 'Vinho', '18.50', 100, '2016-07-11', 'S');

-- --------------------------------------------------------

--
-- Estrutura da tabela `reservas`
--

CREATE TABLE IF NOT EXISTS `reservas` (
  `cdrese` bigint(20) NOT NULL AUTO_INCREMENT,
  `cdclie` varchar(14) DEFAULT NULL,
  `cdhosp` varchar(14) DEFAULT NULL,
  `cdloca` varchar(3) DEFAULT NULL,
  `qthosp` int(11) DEFAULT '0',
  `dehosp` varchar(500) DEFAULT NULL,
  `dtrese` date DEFAULT '0000-00-00',
  `dtentp` date DEFAULT '0000-00-00',
  `dtsaip` date DEFAULT '0000-00-00',
  `dtconf` date DEFAULT '0000-00-00',
  `dtentr` date DEFAULT '0000-00-00',
  `dtsaid` date DEFAULT '0000-00-00',
  `vlrese` decimal(18,2) DEFAULT '0.00',
  `vlcons` decimal(18,2) DEFAULT '0.00',
  `vlante` decimal(18,2) DEFAULT '0.00',
  `cdusua` char(14) DEFAULT NULL,
  `deobse` varchar(500) DEFAULT NULL,
  `vlpago` decimal(18,2) NOT NULL DEFAULT '0.00',
  PRIMARY KEY (`cdrese`),
  KEY `iRese1` (`cdclie`,`cdhosp`,`cdloca`),
  KEY `iRese2` (`cdclie`,`dtentr`,`cdhosp`)
) ENGINE=MyISAM  DEFAULT CHARSET=utf8 AUTO_INCREMENT=23 ;

--
-- Extraindo dados da tabela `reservas`
--

INSERT INTO `reservas` (`cdrese`, `cdclie`, `cdhosp`, `cdloca`, `qthosp`, `dehosp`, `dtrese`, `dtentp`, `dtsaip`, `dtconf`, `dtentr`, `dtsaid`, `vlrese`, `vlcons`, `vlante`, `cdusua`, `deobse`, `vlpago`) VALUES
(1, '61526678000105', '16706542903', '001', 2, '', '2016-05-07', '2016-05-07', '2016-05-13', '2016-05-07', '0000-00-00', '0000-00-00', '479.88', '0.00', '100.00', '61526678000105', 'quer cama de cao', '0.00'),
(2, '61526678000105', '16706542903', '001', 2, '', '2016-05-07', '2016-06-17', '2016-06-24', '0000-00-00', '0000-00-00', '0000-00-00', '559.86', '0.00', '200.00', '61526678000105', '', '0.00'),
(3, '61526678000105', '18112339961', '004', 5, '', '2016-05-07', '2016-05-07', '2016-05-14', '2016-05-07', '2016-05-07', '2016-05-14', '1399.65', '26.30', '100.00', '61526678000105', '', '0.00'),
(4, '61526678000105', '18112339961', '003', 4, '', '2016-05-07', '2016-11-19', '2016-11-25', '0000-00-00', '0000-00-00', '0000-00-00', '959.76', '0.00', '100.00', '61526678000105', '', '0.00'),
(5, '61526678000105', '18112339961', '005', 2, '', '2016-05-09', '2017-04-04', '2017-04-10', '2017-04-04', '2017-04-04', '2017-04-10', '559.86', '0.00', '600.00', '61526678000105', '', '0.00'),
(6, '61526678000105', '18112339961', '001', 2, 'sarah.......', '2016-07-03', '2016-07-03', '2016-07-10', '0000-00-00', '2016-07-03', '2016-07-10', '659.85', '3.00', '100.00', '61526678000105', 'cama pra cachorro', '762.85'),
(7, '02371917000128', '11560853816', '002', 2, 'filha 1\r\nrg 1234556\r\n', '2016-07-11', '2016-07-11', '2016-07-18', '0000-00-00', '2016-07-11', '2016-07-18', '615.86', '29.00', '100.00', '02371917000128', 'pede uma cama para caes', '744.86'),
(8, '02371917000128', '11560853816', '003', 1, '', '2016-07-11', '2016-07-11', '2016-07-12', '0000-00-00', '2016-07-11', '2016-07-12', '43.99', '0.00', '0.00', '02371917000128', '', '0.00'),
(9, '61526678000105', '18112339961', '002', 4, '', '2017-04-04', '2017-04-05', '2017-04-06', '2017-04-04', '0000-00-00', '0000-00-00', '351.92', '0.00', '500.00', '61526678000105', '', '0.00'),
(10, '61526678000105', '16706542903', '001', 2, '', '2017-04-04', '2017-04-04', '2017-04-06', '2017-04-04', '2017-04-04', '2017-04-06', '263.94', '0.00', '100.00', '61526678000105', '', '0.00'),
(11, '61526678000105', '16706542903', '003', 2, '', '2017-04-04', '2017-04-04', '2017-04-05', '2017-04-03', '2017-04-04', '2017-04-05', '175.96', '0.00', '100.00', '61526678000105', '', '275.96'),
(12, '61526678000105', '16706542903', '004', 2, '', '2017-04-04', '2017-04-04', '2017-04-08', '2017-04-04', '2017-04-04', '2017-04-08', '100.00', '0.00', '50.00', '61526678000105', '', '0.00'),
(13, '61526678000105', '16706542903', '002', 2, '', '2017-04-04', '2017-04-04', '2017-04-08', '0000-00-00', '0000-00-00', '0000-00-00', '439.90', '0.00', '0.00', '61526678000105', '', '0.00'),
(14, '61526678000105', '16706542903', '002', 2, '', '2017-04-04', '2017-04-04', '2017-04-05', '0000-00-00', '0000-00-00', '0000-00-00', '175.96', '0.00', '0.00', '61526678000105', '', '0.00'),
(15, '61526678000105', '16706542903', '002', 1, '', '2017-04-04', '2017-04-04', '2017-04-04', '2017-04-04', '2017-04-04', '2017-04-08', '43.99', '0.00', '0.00', '61526678000105', '', '0.00'),
(16, '61526678000105', '16706542903', '006', 1, '', '2017-04-04', '2017-04-04', '2017-04-04', '2017-04-04', '2017-04-04', '2017-04-04', '43.99', '0.00', '0.00', '61526678000105', '', '0.00'),
(19, '61526678000105', '18112339961', '008', 1, '', '2017-04-04', '2017-04-05', '2017-04-09', '2017-04-04', '0000-00-00', '0000-00-00', '219.95', '0.00', '0.00', '61526678000105', '', '0.00'),
(18, '61526678000105', '16706542903', '007', 1, '', '2017-04-04', '2017-04-04', '2017-04-06', '0000-00-00', '0000-00-00', '0000-00-00', '131.97', '0.00', '0.00', '61526678000105', '', '0.00'),
(20, '61526678000105', '16706542903', '009', 1, '', '2017-04-04', '2017-04-04', '2017-04-09', '0000-00-00', '0000-00-00', '0000-00-00', '263.94', '0.00', '0.00', '61526678000105', '', '0.00'),
(22, '61526678000105', '16706542903', '008', 1, '', '2017-04-04', '2017-04-04', '2017-04-09', '0000-00-00', '0000-00-00', '0000-00-00', '263.94', '0.00', '0.00', '61526678000105', '', '0.00');

-- --------------------------------------------------------

--
-- Estrutura da tabela `servicos`
--

CREATE TABLE IF NOT EXISTS `servicos` (
  `cdclie` varchar(14) DEFAULT NULL,
  `cdserv` varchar(15) DEFAULT NULL,
  `deserv` varchar(50) DEFAULT NULL,
  `vlserv` decimal(18,2) DEFAULT NULL,
  `qtserv` int(11) DEFAULT NULL,
  `dtcada` date DEFAULT NULL,
  `flativ` char(1) DEFAULT NULL,
  KEY `iServ1` (`cdclie`,`cdserv`)
) ENGINE=MyISAM DEFAULT CHARSET=utf8;

--
-- Extraindo dados da tabela `servicos`
--

INSERT INTO `servicos` (`cdclie`, `cdserv`, `deserv`, `vlserv`, `qtserv`, `dtcada`, `flativ`) VALUES
('61526678000105', '001', 'Diária Padrão Por Pessoa', '43.99', 1, '2016-05-09', 'S'),
('02371917000128', '001', 'Diária Padrão Por Pessoa', '43.99', 1, '2016-07-11', 'S');

-- --------------------------------------------------------

--
-- Estrutura da tabela `telefones`
--

CREATE TABLE IF NOT EXISTS `telefones` (
  `cdtele` char(14) DEFAULT NULL,
  `nrdddf` char(2) DEFAULT NULL,
  `nrdddc` char(2) DEFAULT NULL,
  `nrfixo` char(8) DEFAULT NULL,
  `nrcelu` char(9) DEFAULT NULL,
  `flativ` char(1) DEFAULT NULL,
  KEY `telefones1` (`cdtele`)
) ENGINE=MyISAM DEFAULT CHARSET=utf8;

--
-- Extraindo dados da tabela `telefones`
--

INSERT INTO `telefones` (`cdtele`, `nrdddf`, `nrdddc`, `nrfixo`, `nrcelu`, `flativ`) VALUES
('61526678000105', '74', '87', '74747474', '878787878', 'A'),
('02837297160', '02', '02', '02837297', '028372971', 'A'),
('18112339961', '18', '18', '18112339', '181123399', 'A'),
('16706542903', '16', '16', '16706542', '167065429', 'A'),
('54061980335', '', '', '', '', 'A'),
('02371917000128', '11', '74', '98876515', '918181717', 'A'),
('11560853816', '12', '24', '12345567', '123456678', 'A'),
('01058482807', '11', '11', '11111111', '111111111', 'A');

-- --------------------------------------------------------

--
-- Estrutura da tabela `usuarios`
--

CREATE TABLE IF NOT EXISTS `usuarios` (
  `cdusua` char(14) DEFAULT NULL,
  `deusua` varchar(100) DEFAULT NULL,
  `demail` varchar(255) DEFAULT NULL,
  `desenh` varchar(50) DEFAULT NULL,
  `defoto` varchar(500) DEFAULT NULL,
  `cdclie` varchar(14) NOT NULL,
  `dtcada` date DEFAULT NULL,
  `fladmi` char(1) DEFAULT NULL,
  `flativ` char(1) DEFAULT NULL,
  KEY `usuarios1` (`cdusua`),
  KEY `usuarios2` (`demail`),
  KEY `usuarios3` (`cdclie`,`cdusua`)
) ENGINE=MyISAM DEFAULT CHARSET=utf8;

--
-- Extraindo dados da tabela `usuarios`
--

INSERT INTO `usuarios` (`cdusua`, `deusua`, `demail`, `desenh`, `defoto`, `cdclie`, `dtcada`, `fladmi`, `flativ`) VALUES
('61526678000105', 'Usuário Demonstração 1', 'everdeen@seuprovedor.com.br', '202cb962ac59075b964b07152d234b70', 'img/61526678000105a4.jpg', '61526678000105', '2016-05-07', 'A', 'S'),
('02837297160', 'Usuário Padrão', 'contato@seuprovedor.com.br', '202cb962ac59075b964b07152d234b70', 'img/02837297160a2.jpg', '61526678000105', '2016-05-07', 'N', 'S'),
('54061980335', 'Usuário 54061980335', '54061980335@a.com', '202cb962ac59075b964b07152d234b70', 'img/semfoto.jpg', '61526678000105', '2016-05-07', 'N', 'S'),
('02371917000128', 'Everdeen Hotel', 'a@a.com', '202cb962ac59075b964b07152d234b70', 'img/02371917000128Penguins.jpg', '02371917000128', '2016-07-11', 'A', 'S'),
('01058482807', 'Maria Auxiliadora', 'maria@a.com.br', '202cb962ac59075b964b07152d234b70', 'img/01058482807Jellyfish.jpg', '02371917000128', '2016-07-11', 'N', 'S');

/*!40101 SET CHARACTER_SET_CLIENT=@OLD_CHARACTER_SET_CLIENT */;
/*!40101 SET CHARACTER_SET_RESULTS=@OLD_CHARACTER_SET_RESULTS */;
/*!40101 SET COLLATION_CONNECTION=@OLD_COLLATION_CONNECTION */;
